{"building_subsistence_farms": 4158.132711738498, "building_subsistence_orchards": 2739.7549541574635, "building_subsistence_pastures": 0.0, "bg_fishing": 3965.4751268699324, "bg_whaling": 8683.398169419537, "00_west_europe.txt": 12222.9629039822, "01_south_europe.txt": 11923.23057924734, "02_east_europe.txt": 11157.80522416603, "03_north_africa.txt": 12414.199487025206, "04_subsaharan_africa.txt": 9197.57444780127, "05_north_america.txt": 1811.7365766999608, "06_central_america.txt": 4889.486375041749, "07_south_america.txt": 1058.8574022216312, "08_middle_east.txt": 8842.35575002836, "09_central_asia.txt": 11193.140964391956, "10_india.txt": 12059.656133002449, "11_east_asia.txt": 11399.770746277367, "12_indonesia.txt": 7321.519341490879, "13_australasia.txt": 0.0, "14_siberia.txt": 5961.738041996971, "intercept": -37637.723628121894}